USE HOSPITAL;
 
 INSERT INTO MEDICO 
 (ID_MEDICO, NOME_MEDICO, CARGO_MEDICO, CPF_MEDICO, DATA_DE_NACIMENTO_MEDICO, TELEFONE, NOME_LOGRADOURO,LOGRADOURO,NUMERO,BAIRRO,CEP)
 VALUES
 (1, 'Lucas Lorenzo Silveira', 'dermatologia', '557.905.880-26' , '1994-04-14', '(27) 99236-7670', 'Rua das Palmeiras', 'Rua', 910, 'São Marcos I', '34143-66' );
 
INSERT INTO MEDICO 
 (ID_MEDICO, NOME_MEDICO, CARGO_MEDICO, CPF_MEDICO, DATA_DE_NACIMENTO_MEDICO, TELEFONE, NOME_LOGRADOURO,LOGRADOURO,NUMERO,BAIRRO,CEP)
 VALUES
 (2, 'Fabiana Julia da Paz' , 'clínica geral', '805.160.517-92', '2000-01-27', '(11) 98613-7387' , 'Rua Benin', 'Rua' , 189, 'Cidade Continental', '29163-497');
 
select * from medico;

INSERT INTO MEDICO 
 (ID_MEDICO, NOME_MEDICO, CARGO_MEDICO, CPF_MEDICO, DATA_DE_NACIMENTO_MEDICO, TELEFONE, NOME_LOGRADOURO,LOGRADOURO,NUMERO,BAIRRO,CEP)
 VALUES
 (3, 'Gabriel da Rocha' , 'gastroenterologia', '779.879.388-74', '1985-02-01', '(11) 99350-6299', 'Rua Jamisson de Oliveira', 'Rua', 810, 'ona de Expansão (Mosqueiro)', '49008-262');
 
 INSERT INTO MEDICO 
 (ID_MEDICO, NOME_MEDICO, CARGO_MEDICO, CPF_MEDICO, DATA_DE_NACIMENTO_MEDICO, TELEFONE, NOME_LOGRADOURO,LOGRADOURO,NUMERO,BAIRRO,CEP)
 VALUES
 (4, 'Mário Levi Osvaldo Porto', 'pediatria', '557.905.880-26', '1994-04-14', '(11) 99236-7670', 'Travessa Júlio Manvailler', 'Av', 580, 'Conjunto Aero Rancho', '79084-424');
 
 INSERT INTO MEDICO 
 (ID_MEDICO, NOME_MEDICO, CARGO_MEDICO, CPF_MEDICO, DATA_DE_NACIMENTO_MEDICO, TELEFONE, NOME_LOGRADOURO,LOGRADOURO,NUMERO,BAIRRO,CEP)
 VALUES
 (5, 'Arthur Juan Rodrigues', 'clínica geral', '808.422.602-93', '2003-07-21', '(11) 98897-4676', 'Rua Humberto de Campos', 'Rua', 485, 'Coqueiral', '85807-470');
 
  INSERT INTO MEDICO 
 (ID_MEDICO, NOME_MEDICO, CARGO_MEDICO, CPF_MEDICO, DATA_DE_NACIMENTO_MEDICO, TELEFONE, NOME_LOGRADOURO,LOGRADOURO,NUMERO,BAIRRO,CEP)
 VALUES
 (6, 'Marcos Anderson Pedro Moreira', ' gastroenterologia', '501.046.341-54', '1987-08-25', '(11) 99824-4291', 'Beco Dez', 'Rua', 779, 'Aberta dos Morros', '91750-114');
 
 INSERT INTO MEDICO 
 (ID_MEDICO, NOME_MEDICO, CARGO_MEDICO, CPF_MEDICO, DATA_DE_NACIMENTO_MEDICO, TELEFONE, NOME_LOGRADOURO,LOGRADOURO,NUMERO,BAIRRO,CEP)
 VALUES
 (7, 'Benedito Ryan Freitas', 'dermatologia', '107.497.467-00', '1998-10-24', '(11) 98274-0132', 'Travessa Souza Fundão', 'Av', 383, 'Remedios', '68927-015');

INSERT INTO MEDICO 
 (ID_MEDICO, NOME_MEDICO, CARGO_MEDICO, CPF_MEDICO, DATA_DE_NACIMENTO_MEDICO, TELEFONE, NOME_LOGRADOURO,LOGRADOURO,NUMERO,BAIRRO,CEP)
 VALUES
 (8, 'Augusto Benício Brito', 'pediatria', '826.601.941-06', '2001-01-27', '(11) 99566-0842', 'Rua Nações Unidas', 'Rua', 460, 'Santana', '68010-320');
 
 INSERT INTO MEDICO 
 (ID_MEDICO, NOME_MEDICO, CARGO_MEDICO, CPF_MEDICO, DATA_DE_NACIMENTO_MEDICO, TELEFONE, NOME_LOGRADOURO,LOGRADOURO,NUMERO,BAIRRO,CEP)
 VALUES
 (9, 'Guilherme Juan Drumond', 'clínica geral', '402.908.167-34', '1999-09-08', '(11) 99418-7728', 'Travessa Santo Antônio', 'Av', 755, 'Coroadinho', '65040-565');

INSERT INTO MEDICO 
 (ID_MEDICO, NOME_MEDICO, CARGO_MEDICO, CPF_MEDICO, DATA_DE_NACIMENTO_MEDICO, TELEFONE, NOME_LOGRADOURO,LOGRADOURO,NUMERO,BAIRRO,CEP)
 VALUES
 (10, 'Diogo Luiz Marcos Jesus', 'gastroenterologia ', '080.440.279-55', '1979-05-12', '(11) 98425-6336', 'Rua Rio Candeias', 'Rua', 244, 'Parque São Pedro', '76907-829');
 
 INSERT INTO MEDICO 
 (ID_MEDICO, NOME_MEDICO, CARGO_MEDICO, CPF_MEDICO, DATA_DE_NACIMENTO_MEDICO, TELEFONE, NOME_LOGRADOURO,LOGRADOURO,NUMERO,BAIRRO,CEP)
 VALUES
 (11, 'Fátima Liz Heloisa da Luz', 'dermatologia', '453.425.280-38', '1995-01-19', '(11) 99296-7241', 'Rua Eduardo Honório de Souza', 'Rua', 911, 'Olaria', '49092-150');
 
 INSERT INTO MEDICO 
 (ID_MEDICO, NOME_MEDICO, CARGO_MEDICO, CPF_MEDICO, DATA_DE_NACIMENTO_MEDICO, TELEFONE, NOME_LOGRADOURO,LOGRADOURO,NUMERO,BAIRRO,CEP)
 VALUES
 (12, 'Antônia Sebastiana Pereira', '', '', '', '', '', '', , '', '');
 
  INSERT INTO MEDICO 
 (ID_MEDICO, NOME_MEDICO, CARGO_MEDICO, CPF_MEDICO, DATA_DE_NACIMENTO_MEDICO, TELEFONE, NOME_LOGRADOURO,LOGRADOURO,NUMERO,BAIRRO,CEP)
 VALUES
 (13, 'Antônia Sebastiana Pereira', ' pediatria,', '240.994.184-21', '1986-09-21', '(11) 99583-9557', 'Rua Alcides Viana', 'Rua', 691, 'Centro', '59930-970');
 
  INSERT INTO MEDICO 
 (ID_MEDICO, NOME_MEDICO, CARGO_MEDICO, CPF_MEDICO, DATA_DE_NACIMENTO_MEDICO, TELEFONE, NOME_LOGRADOURO,LOGRADOURO,NUMERO,BAIRRO,CEP)
 VALUES
 (14, 'Joana Mariah Assis', 'clínica geral', '078.681.250-80', '1996-04-11', '(11) 99195-6321', 'Rua Joaquim Avelino Pereira', 'Rua', 38, 'São sardim', '58760-970');
 
  INSERT INTO MEDICO 
 (ID_MEDICO, NOME_MEDICO, CARGO_MEDICO, CPF_MEDICO, DATA_DE_NACIMENTO_MEDICO, TELEFONE, NOME_LOGRADOURO,LOGRADOURO,NUMERO,BAIRRO,CEP)
 VALUES
 (15, 'Ireneu Mascarenhas', 'gastroenterologia', '367.701.614-27', '2001-06-21', '(11) 98405-4800', 'Av Carolina Pereira Nunes', 'av', 27, 'do Cabral', '29027-284');
 
 INSERT INTO PACIENTE 
 (ID_PACIENTE , NOME_PACIENTE, DATA_DE_NASCIMENTO_PACIENTE, CPF_PACIENTE, RG_PACIANTE, EMAIL_PACIENTE, NOME_LOGRADOURO, LOGRADOURO, NUMERO, BAIRRO, CEP)
 VALUES
 (1, 'Valentina Stella dos Santos', '1970-06-14', '412.176.258-44', '43.711.822-8', 'valentina_dossantos@51hotmail.com', 'Rua Rufino Zado', 'Rua', 359, 'ardim Noronha', '04853-070');
 
 INSERT INTO PACIENTE 
 (ID_PACIENTE , NOME_PACIENTE, DATA_DE_NASCIMENTO_PACIENTE, CPF_PACIENTE, RG_PACIANTE, EMAIL_PACIENTE, NOME_LOGRADOURO, LOGRADOURO, NUMERO, BAIRRO, CEP)
 VALUES
 (2, 'Larissa Marcela Galvão', '1996-01-01', '779.015.138-02', '23.010.691-2', 'larissa.marcela.galvao@gerdau.com.br', 'Av Francisco Viola', 'Av', 887, 'Casa Verde Alta', '02544-021');
 
 INSERT INTO PACIENTE 
 (ID_PACIENTE , NOME_PACIENTE, DATA_DE_NASCIMENTO_PACIENTE, CPF_PACIENTE, RG_PACIANTE, EMAIL_PACIENTE, NOME_LOGRADOURO, LOGRADOURO, NUMERO, BAIRRO, CEP)
 VALUES
 (3, 'Giovana Fabiana Valentina Figueiredo', '2000-04-07', '081.629.198-56', '30.515.244-0', 'giovana_figueiredo@lojabichopapao.com.br', 'Av Mendes da Rocha', 'Av', 614, 'Jardim Brasil', '02227-000');
 
 INSERT INTO PACIENTE 
 (ID_PACIENTE , NOME_PACIENTE, DATA_DE_NASCIMENTO_PACIENTE, CPF_PACIENTE, RG_PACIANTE, EMAIL_PACIENTE, NOME_LOGRADOURO, LOGRADOURO, NUMERO, BAIRRO, CEP)
 VALUES
 (4, 'Igor Ryan Lima', '2006-10-07', '663.707.388-16', '48.752.493-7', 'igor.ryan.lima@deskprint.com.br', 'Rua Felipe da Costa', 'Rua', 589, 'Jaraguá', '05180-390');
 
 INSERT INTO PACIENTE 
 (ID_PACIENTE , NOME_PACIENTE, DATA_DE_NASCIMENTO_PACIENTE, CPF_PACIENTE, RG_PACIANTE, EMAIL_PACIENTE, NOME_LOGRADOURO, LOGRADOURO, NUMERO, BAIRRO, CEP)
 VALUES
 (5, '', '', '', '', '', '', '', , '', '');
 
 INSERT INTO PACIENTE 
 (ID_PACIENTE , NOME_PACIENTE, DATA_DE_NASCIMENTO_PACIENTE, CPF_PACIENTE, RG_PACIANTE, EMAIL_PACIENTE, NOME_LOGRADOURO, LOGRADOURO, NUMERO, BAIRRO, CEP)
 VALUES
 (6, 'Emanuelly Agatha Alves', '1975-07-22', '193.839.648-04', '3.138.016-3', 'manuelly_alves@dpi.ig.br', 'Viela João Bastos Alves', 'Rua', 81, 'ardim Ipê', '05797-325');

INSERT INTO PACIENTE 
 (ID_PACIENTE , NOME_PACIENTE, DATA_DE_NASCIMENTO_PACIENTE, CPF_PACIENTE, RG_PACIANTE, EMAIL_PACIENTE, NOME_LOGRADOURO, LOGRADOURO, NUMERO, BAIRRO, CEP)
 VALUES
 (7, 'Cecília Silvana Sebastiana Campos', '1998-01-13', '114.870.128-10', '25.661.597-4', 'cecilia_silvana_campos@ruilacos.com', 'Rua Itapiocaba', 'Rua', 112, 'Jardim Amália', '05892-420');

INSERT INTO PACIENTE 
 (ID_PACIENTE , NOME_PACIENTE, DATA_DE_NASCIMENTO_PACIENTE, CPF_PACIENTE, RG_PACIANTE, EMAIL_PACIENTE, NOME_LOGRADOURO, LOGRADOURO, NUMERO, BAIRRO, CEP)
 VALUES
 (8, 'Manoel Enrico Fábio Vieira', '2004-10-25', '216.074.848-03', '28.612.877-9', 'manoelenricovieira@tricoproducts.com.br', 'Rua Acaraú', 'Rua', 186, 'Bela Vista', '01306-030');
 
 INSERT INTO PACIENTE 
 (ID_PACIENTE , NOME_PACIENTE, DATA_DE_NASCIMENTO_PACIENTE, CPF_PACIENTE, RG_PACIANTE, EMAIL_PACIENTE, NOME_LOGRADOURO, LOGRADOURO, NUMERO, BAIRRO, CEP)
 VALUES
 (9, '', '', '', '', '', '', '', , '', '');
 
 INSERT INTO PACIENTE 
 (ID_PACIENTE , NOME_PACIENTE, DATA_DE_NASCIMENTO_PACIENTE, CPF_PACIENTE, RG_PACIANTE, EMAIL_PACIENTE, NOME_LOGRADOURO, LOGRADOURO, NUMERO, BAIRRO, CEP)
 VALUES
 (10, 'Milena Giovana Rebeca Moraes', '1978-10-28', '806.536.758-52', '46.285.661-6', 'milena_giovana_moraes@brws.com.br', 'Passarela Getúlio Vargas', 'Rua', 249, 'Bela Vista', '01308-071');
 
 INSERT INTO PACIENTE 
 (ID_PACIENTE , NOME_PACIENTE, DATA_DE_NASCIMENTO_PACIENTE, CPF_PACIENTE, RG_PACIANTE, EMAIL_PACIENTE, NOME_LOGRADOURO, LOGRADOURO, NUMERO, BAIRRO, CEP)
 VALUES
 (11, '', '', '', '', '', '', '', , '', '');
 
 INSERT INTO PACIENTE 
 (ID_PACIENTE , NOME_PACIENTE, DATA_DE_NASCIMENTO_PACIENTE, CPF_PACIENTE, RG_PACIANTE, EMAIL_PACIENTE, NOME_LOGRADOURO, LOGRADOURO, NUMERO, BAIRRO, CEP)
 VALUES
 (12, 'Gabriel Martin Fogaça', '1996-09-14', '895.710.388-06', '47.511.580-6', 'gabriel_martin_fogaca@fazergourmet.com', 'Rua Cristal', 'Rua', 719, 'Jardim Paulistano', '02812-290');
 
 INSERT INTO PACIENTE 
 (ID_PACIENTE , NOME_PACIENTE, DATA_DE_NASCIMENTO_PACIENTE, CPF_PACIENTE, RG_PACIANTE, EMAIL_PACIENTE, NOME_LOGRADOURO, LOGRADOURO, NUMERO, BAIRRO, CEP)
 VALUES
 (13, 'Juliana Letícia da Mata', '1965-06-11', '830.742.328-70', '13.544.733-1', 'juliana.leticia.damata@steadyoffice.com.br', 'Av Mira da Estrela', 'Av', 294, 'Parque Taipas', '02987-107');
 
 INSERT INTO PACIENTE 
 (ID_PACIENTE , NOME_PACIENTE, DATA_DE_NASCIMENTO_PACIENTE, CPF_PACIENTE, RG_PACIANTE, EMAIL_PACIENTE, NOME_LOGRADOURO, LOGRADOURO, NUMERO, BAIRRO, CEP)
 VALUES
 (14, 'Luiza Isabelle Sandra Rezende', '1985-04-17', '566.313.028-46', '48.070.877-0', 'luiza.isabelle.rezende@camilapassos.com.br', 'Av Abacate', 'Av', 341, 'Tucuruvi', '02340-020');
 
 INSERT INTO PACIENTE 
 (ID_PACIENTE , NOME_PACIENTE, DATA_DE_NASCIMENTO_PACIENTE, CPF_PACIENTE, RG_PACIANTE, EMAIL_PACIENTE, NOME_LOGRADOURO, LOGRADOURO, NUMERO, BAIRRO, CEP)
 VALUES
 (15, 'Kevin Nelson José Cavalcanti', '1999-04-06', '806.765.538-34', '26.445.996-9', 'kevin_nelson_cavalcanti@eberlin.agr.br', 'Rua Hilton mendes', 'Rua', 284, 'Cidade Nova Heliópolis', '04236-250');


INSERT INTO CONSULTA 
(ID_CONSULTA , DATA_CONSULTA, HORA_CONSULTA , VALOR_CONSULTA)
VALUES
(1, '2021-01-04', '08:00:20', 100.00);

INSERT INTO CONSULTA 
(ID_CONSULTA , DATA_CONSULTA, HORA_CONSULTA , VALOR_CONSULTA)
VALUES
(2, '2021-01-10', '10:25:31', 121.00);

INSERT INTO CONSULTA 
(ID_CONSULTA , DATA_CONSULTA, HORA_CONSULTA , VALOR_CONSULTA)
VALUES
(3, '2021-01-14', '12:40:50', 212.00);

INSERT INTO CONSULTA 
(ID_CONSULTA , DATA_CONSULTA, HORA_CONSULTA , VALOR_CONSULTA)
VALUES
(4, '2021-02-07', '15:30:08', 70.00);


INSERT INTO CONSULTA 
(ID_CONSULTA , DATA_CONSULTA, HORA_CONSULTA , VALOR_CONSULTA)
VALUES
(5, '2021-02-17', '19:20:31', 240.00);

INSERT INTO CONSULTA 
(ID_CONSULTA , DATA_CONSULTA, HORA_CONSULTA , VALOR_CONSULTA)
VALUES
(6, '2021-02-25', '10:25:31', 121.00);

INSERT INTO CONSULTA 
(ID_CONSULTA , DATA_CONSULTA, HORA_CONSULTA , VALOR_CONSULTA)
VALUES
(7, '2021-01-10', '16:10:22', 200.00);

INSERT INTO CONSULTA 
(ID_CONSULTA , DATA_CONSULTA, HORA_CONSULTA , VALOR_CONSULTA)
VALUES
(8, '2021-03-09', '17:14:21', 80.00);

INSERT INTO CONSULTA 
(ID_CONSULTA , DATA_CONSULTA, HORA_CONSULTA , VALOR_CONSULTA)
VALUES
(9, '2021-03-30', '14:05:05', 150.20);

INSERT INTO CONSULTA 
(ID_CONSULTA , DATA_CONSULTA, HORA_CONSULTA , VALOR_CONSULTA)
VALUES
(10, '2021-04-03', '20:25:11', 341.43);

INSERT INTO CONSULTA 
(ID_CONSULTA , DATA_CONSULTA, HORA_CONSULTA)
VALUES
(11, '2021-04-15', '11:00:00');

INSERT INTO CONSULTA 
(ID_CONSULTA , DATA_CONSULTA, HORA_CONSULTA)
VALUES
(12, '2021-04-27', '12:10:34');

INSERT INTO CONSULTA 
(ID_CONSULTA , DATA_CONSULTA, HORA_CONSULTA)
VALUES
(13, '2021-05-08', '15:00:10');

INSERT INTO CONSULTA 
(ID_CONSULTA , DATA_CONSULTA, HORA_CONSULTA)
VALUES
(14, '2021-05-13', '13:03:00');

INSERT INTO CONSULTA 
(ID_CONSULTA , DATA_CONSULTA, HORA_CONSULTA)
VALUES
(15, '2021-05-21', '12:10:31');

INSERT INTO CONSULTA 
(ID_CONSULTA , DATA_CONSULTA, HORA_CONSULTA)
VALUES
(16, '2021-06-18', '14:23:11');

INSERT INTO CONSULTA 
(ID_CONSULTA , DATA_CONSULTA, HORA_CONSULTA)
VALUES
(17, '2021-06-13', '11:50:51');

INSERT INTO CONSULTA 
(ID_CONSULTA , DATA_CONSULTA, HORA_CONSULTA)
VALUES
(18, '2021-06-29', '14:45:09');

INSERT INTO CONSULTA 
(ID_CONSULTA , DATA_CONSULTA, HORA_CONSULTA)
VALUES
(19, '2021-07-13', '18:24:11');

INSERT INTO CONSULTA 
(ID_CONSULTA , DATA_CONSULTA, HORA_CONSULTA)
VALUES
(20, '2021-07-28', '15:17:31');


INSERT INTO RECEITA 
(ID_RECEITA, MEDICAMENTOS_RECEITA, QUANTIDADE_RECEITA, INSTRUCOES_RECEITA, FK_PACIENTE)
VALUES 
(1, ' ALENDRONATO SODICO' , 12 , 'Tomar de 7hrs a 7hrs', 1);

INSERT INTO RECEITA 
(ID_RECEITA, MEDICAMENTOS_RECEITA, QUANTIDADE_RECEITA, INSTRUCOES_RECEITA, FK_PACIENTE)
VALUES 
(2, ' ALENDRONATO SODICO' , 12 , 'Tomar de 7hrs a 7hrs', );

INSERT INTO RECEITA 
(ID_RECEITA, MEDICAMENTOS_RECEITA, QUANTIDADE_RECEITA, INSTRUCOES_RECEITA, FK_PACIENTE)
VALUES 
(3, '  DIPIRONA' , 20 , 'Tomar de 8hrs a 8hrs', 2);

INSERT INTO RECEITA 
(ID_RECEITA, MEDICAMENTOS_RECEITA, QUANTIDADE_RECEITA, INSTRUCOES_RECEITA, FK_PACIENTE)
VALUES 
(4, ' METILDOPA ' , 24 , 'Tomar de 3hrs a 3hrs', 3);

INSERT INTO RECEITA 
(ID_RECEITA, MEDICAMENTOS_RECEITA, QUANTIDADE_RECEITA, INSTRUCOES_RECEITA)
VALUES 
(5, '  TENOXICAM' , 30 , 'Tomar de 10hrs a 10hrs durante 8 dias');

INSERT INTO RECEITA 
(ID_RECEITA, MEDICAMENTOS_RECEITA, QUANTIDADE_RECEITA, INSTRUCOES_RECEITA)
VALUES 
(6, '  VACINA CONTRA SARAMPO' , 1 , '');

INSERT INTO RECEITA 
(ID_RECEITA, MEDICAMENTOS_RECEITA, QUANTIDADE_RECEITA, INSTRUCOES_RECEITA)
VALUES 
(7, ' ACEÍNA' , 21 , 'Tomar de 5hrs a 5hrs');

INSERT INTO RECEITA 
(ID_RECEITA, MEDICAMENTOS_RECEITA, QUANTIDADE_RECEITA, INSTRUCOES_RECEITA)
VALUES 
(8, 'Dynepo ' , 15 , 'Tomar de 2hrs a 2hrs');

INSERT INTO RECEITA 
(ID_RECEITA, MEDICAMENTOS_RECEITA, QUANTIDADE_RECEITA, INSTRUCOES_RECEITA)
VALUES 
(9, ' TINAX' , 15 , 'Tomar de 8hrs a 8hrs');

INSERT INTO RECEITA 
(ID_RECEITA, MEDICAMENTOS_RECEITA, QUANTIDADE_RECEITA, INSTRUCOES_RECEITA)
VALUES 
(10, 'XAROPE NEO ' , 37 , 'Tomar de 1hrs a 1hrs');

INSERT INTO CONVENIO 
(ID_CONVENIO, NOME_CONVENIO, CNPJ_CONVENIO, FK_PACIENTE)
VALUES 
(1, 'Saude ltda', '07.864.008/0001-45', 1);

INSERT INTO CONVENIO 
(ID_CONVENIO, NOME_CONVENIO, CNPJ_CONVENIO, FK_PACIENTE)
VALUES 
(2, 'Laboratório Magellan', '58.657.451/0001-86', 3);

INSERT INTO CONVENIO 
(ID_CONVENIO, NOME_CONVENIO, CNPJ_CONVENIO, FK_PACIENTE)
VALUES 
(3, 'Consultoria Castelo', '49.926.311/0001-75', 2);

INSERT INTO CONVENIO 
(ID_CONVENIO, NOME_CONVENIO, CNPJ_CONVENIO, FK_PACIENTE)
VALUES 
(4, 'Laboratório São João', '64.493.139/0001-05', 4);

INSERT INTO CONVENIO 
(ID_CONVENIO, NOME_CONVENIO, CNPJ_CONVENIO, FK_PACIENTE)
VALUES 
(5, 'Laboratório Santos', '52.175.211/0001-69', 2);

ALTER TABLE CONVENIO ADD CONSTRAINT FOREIGN KEY (`FK_MEDICO`) REFERENCES MEDICO (`ID_MEDICO`);

ALTER TABLE INTERNACOES ADD CONSTRAINT FOREIGN KEY (`FK_MEDICO`) REFERENCES MEDICO (`ID_MEDICO`);

INSERT INTO INTERNACOES 
(ID_INTERNACOES , DATA_DE_ENTRADA, DATA_DE_PREVISAO_DE_ALTA, DATA_DE_ALTA , DESCRICAO_INTERNACOES, FK_PACIENTE)
VALUES
(1 , '2021-01-10', '2021-01-17', '2021-01-18' , 'Tudo ocorreu como o planejado', 1);

INSERT INTO INTERNACOES 
(ID_INTERNACOES , DATA_DE_ENTRADA, DATA_DE_PREVISAO_DE_ALTA, DATA_DE_ALTA , DESCRICAO_INTERNACOES, FK_PACIENTE)
VALUES
(2 , '2021-01-20', '2021-02-02', '2021-02-12' , 'Tudo certo', 2);

INSERT INTO INTERNACOES 
(ID_INTERNACOES , DATA_DE_ENTRADA, DATA_DE_PREVISAO_DE_ALTA, DATA_DE_ALTA , DESCRICAO_INTERNACOES, FK_PACIENTE)
VALUES
(3 , '2021-02-12', '2021-02-24', '2021-02-20' , 'recebeu alta antes do planejado', 3);

INSERT INTO INTERNACOES 
(ID_INTERNACOES , DATA_DE_ENTRADA, DATA_DE_PREVISAO_DE_ALTA, DATA_DE_ALTA , DESCRICAO_INTERNACOES, FK_PACIENTE)
VALUES
(4 , '2021-03-01', '2021-03-13', '2021-03-20' , 'ocorreu dificuldades mas se resolveu', 4);

INSERT INTO INTERNACOES 
(ID_INTERNACOES , DATA_DE_ENTRADA, DATA_DE_PREVISAO_DE_ALTA, DATA_DE_ALTA , DESCRICAO_INTERNACOES)
VALUES
(5 , '2021-04-21', '2021-05-07', '2021-03-07' , '');

INSERT INTO INTERNACOES 
(ID_INTERNACOES , DATA_DE_ENTRADA, DATA_DE_PREVISAO_DE_ALTA, DATA_DE_ALTA , DESCRICAO_INTERNACOES)
VALUES
(6 , '2021-06-10', '2021-06-13', '2021-03-14' , '');

INSERT INTO INTERNACOES 
(ID_INTERNACOES , DATA_DE_ENTRADA, DATA_DE_PREVISAO_DE_ALTA, DATA_DE_ALTA , DESCRICAO_INTERNACOES)
VALUES
(7 , '2021-08-02', '2021-08-25', '2021-03-19' , 'Paciente recebeu alta antes do planejado');

ALTER TABLE QUARTOS ADD `FK_INTERNACOES` INT(11);
ALTER TABLE QUARTOS ADD CONSTRAINT FOREIGN KEY (`FK_INTERNACOES`) REFERENCES INTERNACOES (`ID_INTERNACOES`);

INSERT INTO QUARTOS 
(ID_QUARTOS, TIPO_DE_QUARTOS, DESCRICAO_QUARTOS, VALOR_DIARIO_QUARTOS, FK_INTERNACOES)
VALUES
(1 , 'QUARTOS' , 'Quarto unico' , 100.21, 1);

INSERT INTO QUARTOS 
(ID_QUARTOS, TIPO_DE_QUARTOS, DESCRICAO_QUARTOS, VALOR_DIARIO_QUARTOS, FK_INTERNACOES)
VALUES
(2 , 'quarto duplo' , 'divindo quartos com outros pacientes' , 50.00, 2);

INSERT INTO QUARTOS 
(ID_QUARTOS, TIPO_DE_QUARTOS, DESCRICAO_QUARTOS, VALOR_DIARIO_QUARTOS, FK_INTERNACOES)
VALUES
(3 , 'enfermaria' , '' , 90, 3);

INSERT INTO ENFERMEIRO
(CRE_ENFERMEIRO, NOME_ENFERMEIRO , CPF_ENFERMEIRO)
VALUES
(543 , 'Vanessa Heloise Moura' , '401.165.879-03');

INSERT INTO ENFERMEIRO
(CRE_ENFERMEIRO, NOME_ENFERMEIRO , CPF_ENFERMEIRO)
VALUES
(641 , 'Allana Betina Almeida' , '389.076.418-54');

INSERT INTO ENFERMEIRO
(CRE_ENFERMEIRO, NOME_ENFERMEIRO , CPF_ENFERMEIRO)
VALUES
(141 , 'Gabriel Gael Gustavo das Neves' , '684.879.663-81');

INSERT INTO ENFERMEIRO
(CRE_ENFERMEIRO, NOME_ENFERMEIRO , CPF_ENFERMEIRO)
VALUES
(167 , 'Caio Sérgio Manuel Ferreira' , '028.374.966-00');

INSERT INTO ENFERMEIRO
(CRE_ENFERMEIRO, NOME_ENFERMEIRO , CPF_ENFERMEIRO)
VALUES
(432 , 'Danilo Enzo Aragão' , '394.196.554-90');

INSERT INTO ENFERMEIRO
(CRE_ENFERMEIRO, NOME_ENFERMEIRO , CPF_ENFERMEIRO)
VALUES
(756 , 'Elias Vicente Osvaldo Farias' , '354.723.588-09');
-- AQUI
INSERT INTO ENFERMEIRO
(CRE_ENFERMEIRO, NOME_ENFERMEIRO , CPF_ENFERMEIRO)
VALUES
(243 , 'Maya Julia Teixeira' , '46.759.096-5');

INSERT INTO ENFERMEIRO
(CRE_ENFERMEIRO, NOME_ENFERMEIRO , CPF_ENFERMEIRO)
VALUES
(784 , 'Eduarda Eliane Figueiredo' , '327.358.501-37');

INSERT INTO ENFERMEIRO
(CRE_ENFERMEIRO, NOME_ENFERMEIRO , CPF_ENFERMEIRO)
VALUES
(864 , 'Luana Julia Benedita Fogaça' , '500.018.016-00');
